id,name,email
5-0,Bob,bob0@outlook.com
5-1,Alice,alice1@example.com
5-2,Heidi,heidi2@gmail.com
5-3,Grace,grace3@outlook.com
5-4,Heidi,heidi4@yahoo.com
5-5,Grace,grace5@yahoo.com
5-6,Eve,eve6@example.com
5-7,Heidi,heidi7@example.com
5-8,Eve,eve8@outlook.com
5-9,David,david9@gmail.com
5-10,Eve,eve10@example.com
5-11,David,david11@example.com
5-12,Grace,grace12@outlook.com
5-13,Alice,alice13@example.com
5-14,Frank,frank14@yahoo.com
5-15,Heidi,heidi15@yahoo.com
5-16,Frank,frank16@outlook.com
5-17,Frank,frank17@outlook.com
5-18,Eve,eve18@gmail.com
5-19,David,david19@gmail.com
5-20,David,david20@example.com
5-21,Heidi,heidi21@yahoo.com
5-22,Heidi,heidi22@example.com
5-23,,heidi@gmail.com
5-24,Eve,eve24@yahoo.com
5-25,Grace,grace25@yahoo.com
5-26,Eve,eve26@outlook.com
5-27,,heidi@outlook.com
5-28,Grace,grace28@outlook.com
5-29,Frank,frank29@example.com
5-30,Eve,eve30@outlook.com
5-31,Eve,eve31@yahoo.com
5-32,Bob,bob32@yahoo.com
5-33,Frank,frank33@gmail.com
5-34,Carol,carolATexample.com
5-35,Eve,eve35@outlook.com
5-36,Bob,bob36@yahoo.com
5-37,Eve,eve37@yahoo.com
5-38,Frank,frank38@yahoo.com
5-39,Eve,eve39@gmail.com
5-40,Carol,carol40@outlook.com
5-41,Alice,alice41@gmail.com
5-42,,eve@yahoo.com
5-43,Heidi,heidi43@gmail.com
5-44,Alice,alice44@outlook.com
5-45,Heidi,heidi45@example.com
5-46,Heidi,heidi46@outlook.com
5-47,Carol,carol47@gmail.com
5-48,Eve,eve48@example.com
5-49,Bob,bob49@gmail.com
